t,wall_time,track_id,event,direction
0.6,2026-10-03T17:54:41,3,looked,
2.1,2026-10-03T17:54:43,2,passed,backward
3.1,2026-10-03T17:54:44,2,slowed,
4.0,2026-10-03T17:54:45,7,looked,
4.7,2026-10-03T17:54:45,7,slowed,
5.7,2026-10-03T17:54:46,4,slowed,
6.2,2026-10-03T17:54:47,5,slowed,
6.5,2026-10-03T17:54:47,7,passed,forward
8.3,2026-10-03T17:54:49,12,looked,
8.4,2026-10-03T17:54:49,9,slowed,
10.4,2026-10-03T17:54:51,12,passed,backward
10.5,2026-10-03T17:54:51,12,slowed,
14.3,2026-10-03T17:54:55,15,looked,
14.9,2026-10-03T17:54:55,15,slowed,
15.8,2026-10-03T17:54:56,18,looked,
15.8,2026-10-03T17:54:56,14,slowed,
15.9,2026-10-03T17:54:56,14,passed,forward
17.6,2026-10-03T17:54:58,16,slowed,
18.0,2026-10-03T17:54:59,16,passed,forward
19.2,2026-10-03T17:55:00,18,slowed,
21.3,2026-10-03T17:55:02,16,looked,
22.0,2026-10-03T17:55:03,18,passed,forward
22.1,2026-10-03T17:55:03,24,looked,
23.4,2026-10-03T17:55:04,24,slowed,
26.3,2026-10-03T17:55:07,25,slowed,
27.0,2026-10-03T17:55:08,28,looked,
27.2,2026-10-03T17:55:08,23,slowed,
27.5,2026-10-03T17:55:08,28,slowed,
27.8,2026-10-03T17:55:08,25,passed,forward
28.8,2026-10-03T17:55:09,23,passed,forward
30.8,2026-10-03T17:55:11,25,looked,
33.0,2026-10-03T17:55:14,23,looked,
36.1,2026-10-03T17:55:17,32,passed,forward
36.5,2026-10-03T17:55:17,32,looked,
39.7,2026-10-03T17:55:20,32,slowed,
41.1,2026-10-03T17:55:22,35,looked,
44.5,2026-10-03T17:55:25,35,slowed,
46.5,2026-10-03T17:55:27,36,slowed,
48.8,2026-10-03T17:55:29,36,passed,forward
50.5,2026-10-03T17:55:31,37,slowed,
53.2,2026-10-03T17:55:34,50,passed,forward
54.1,2026-10-03T17:55:35,36,looked,
54.7,2026-10-03T17:55:35,39,slowed,
56.1,2026-10-03T17:55:37,43,slowed,
56.4,2026-10-03T17:55:37,37,passed,forward
57.4,2026-10-03T17:55:38,39,looked,
59.2,2026-10-03T17:55:40,43,passed,backward
61.5,2026-10-03T17:55:42,52,slowed,
63.1,2026-10-03T17:55:44,37,looked,
63.4,2026-10-03T17:55:44,50,slowed,
64.0,2026-10-03T17:55:45,52,passed,forward
65.3,2026-10-03T17:55:46,53,slowed,
67.8,2026-10-03T17:55:48,53,passed,backward
68.7,2026-10-03T17:55:49,57,looked,
68.9,2026-10-03T17:55:49,56,passed,forward
69.8,2026-10-03T17:55:50,56,slowed,
71.4,2026-10-03T17:55:52,57,slowed,
71.9,2026-10-03T17:55:52,43,looked,
73.6,2026-10-03T17:55:54,58,slowed,
74.5,2026-10-03T17:55:55,57,passed,backward
74.7,2026-10-03T17:55:55,70,looked,
75.1,2026-10-03T17:55:56,58,passed,forward
76.2,2026-10-03T17:55:57,72,looked,
76.8,2026-10-03T17:55:57,72,slowed,
77.4,2026-10-03T17:55:58,70,passed,forward
77.4,2026-10-03T17:55:58,58,looked,
78.0,2026-10-03T17:55:59,70,slowed,
