track_id,first_t,last_t,duration,passed,direction,slowed,looked,zone_time,slow_time,look_time,min_speed
3,0.0,2.6,2.6,0,,0,1,2.6,0.1,2.1,0.282
1,0.0,3.0,3.0,0,,0,0,3.0,0.0,0.0,0.505
8,3.8,4.9,1.1,0,,0,0,1.1,0.0,0.0,0.341
2,0.0,8.5,8.5,1,backward,1,0,8.5,6.2,0.0,0.005
5,1.7,13.4,11.7,0,,1,0,11.2,1.3,0.0,0.205
4,1.1,14.5,13.4,0,,1,0,12.7,1.2,0.0,0.216
9,4.0,14.5,10.5,0,,1,0,10.1,1.3,0.0,0.174
12,6.5,14.8,8.3,1,backward,1,1,7.8,0.5,2.6,0.193
15,12.0,20.9,8.9,0,,1,1,6.8,1.0,5.4,0.103
14,11.5,21.1,9.6,1,forward,1,0,9.0,0.0,0.0,0.742
16,13.2,28.6,15.4,1,forward,1,1,13.7,3.8,5.7,0.004
7,3.4,34.3,30.9,1,forward,1,1,30.9,14.2,11.1,0.005
28,26.3,36.4,10.1,0,,1,1,9.2,6.6,8.9,0.034
24,21.1,37.4,16.3,0,,1,1,14.9,9.7,13.9,0.055
18,15.2,39.5,24.3,1,forward,1,1,23.5,0.8,13.8,0.128
23,21.1,40.3,19.2,1,forward,1,1,17.0,0.7,6.4,0.048
25,21.9,40.3,18.4,1,forward,1,1,17.1,0.8,3.3,0.189
32,35.7,52.1,16.4,1,forward,1,1,15.9,5.2,8.9,0.002
36,42.1,57.9,15.8,1,forward,1,1,14.2,0.0,1.4,0.346
39,50.2,61.6,11.4,0,,1,1,9.9,3.0,4.0,0.013
52,57.1,66.9,9.8,1,forward,1,0,9.4,0.0,0.0,0.348
53,60.6,68.2,7.6,1,backward,1,0,6.7,0.0,0.1,0.63
35,40.5,73.7,33.2,0,,1,1,33.2,15.8,16.4,0.002
56,65.6,74.4,8.8,1,forward,1,0,7.9,0.0,0.1,0.689
37,46.1,79.4,33.3,1,forward,1,1,32.6,5.8,9.2,0.016
43,50.8,79.4,28.6,1,backward,1,1,25.5,3.9,6.2,0.109
50,52.7,79.4,26.7,1,forward,1,0,20.1,4.3,0.3,0.033
57,67.4,79.4,12.0,1,backward,1,1,12.0,0.5,6.0,0.156
58,69.1,79.4,10.3,1,forward,1,1,9.6,0.8,0.9,0.211
70,74.0,79.4,5.4,1,forward,1,1,5.4,0.0,1.4,0.401
72,75.6,79.4,3.8,0,,1,1,3.8,2.6,3.8,0.129
